insert into public.categories (name, slug, description, is_active, sort_order)
values
  ('Accessories', 'accessories', 'Bags, jewelry, scarves, belts, and finishing touches.', true, 1),
  ('Dresses', 'dresses', 'Day-to-night dresses with soft lines and event-ready appeal.', true, 2),
  ('Tops', 'tops', 'Blouses, tees, camisoles, and polished layers for easy styling.', true, 3),
  ('Bottoms', 'bottoms', 'Skirts, denim, and tailored pants with clean proportions.', true, 4),
  ('Activewear', 'activewear', 'Studio-ready sets and comfort essentials for movement days.', true, 5),
  ('Occasion Wear', 'occasion-wear', 'Special-event styles with elevated finishes and statement silhouettes.', true, 6)
on conflict (slug) do nothing;

insert into public.products (category_id, name, slug, subcategory, short_description, description, material_details, size_guide, model_info, tags, collection, price, compare_at_price, rating, review_count, featured, is_new_arrival, is_best_seller, is_on_sale, free_size, status) values ((select id from public.categories where slug = 'bottoms' limit 1), 'Pleated Mini Skirt', 'pleated-mini-skirt', 'Bottoms', 'Pleated Mini Skirt in LumiBelle''s polished, easy-to-style finish.', 'Pleated Mini Skirt is part of the LumiBelle edit for bottoms. It balances a feminine silhouette with easy styling so shoppers can dress it up or keep it casual.', 'Structured fabric with comfortable movement.', 'Fits true to size. Check the smart size helper for a more tailored recommendation.', 'Model is 168 cm / 52 kg and shown in the recommended size.', '{"bottoms","lumibelle","new-season"}', 'Bottom Edit', 388.27, 507.7, 4.9, 31, false, true, false, true, false, 'active') on conflict (slug) do nothing;
insert into public.products (category_id, name, slug, subcategory, short_description, description, material_details, size_guide, model_info, tags, collection, price, compare_at_price, rating, review_count, featured, is_new_arrival, is_best_seller, is_on_sale, free_size, status) values ((select id from public.categories where slug = 'bottoms' limit 1), 'High-Waist Wide Pants', 'high-waist-wide-pants', 'Bottoms', 'High-Waist Wide Pants in LumiBelle''s polished, easy-to-style finish.', 'High-Waist Wide Pants is part of the LumiBelle edit for bottoms. It balances a feminine silhouette with easy styling so shoppers can dress it up or keep it casual.', 'Structured fabric with comfortable movement.', 'Fits true to size. Check the smart size helper for a more tailored recommendation.', 'Model is 168 cm / 52 kg and shown in the recommended size.', '{"bottoms","lumibelle","new-season"}', 'Bottom Edit', 497.57, 666.79, 4.8, 44, true, true, false, true, false, 'active') on conflict (slug) do nothing;
insert into public.products (category_id, name, slug, subcategory, short_description, description, material_details, size_guide, model_info, tags, collection, price, compare_at_price, rating, review_count, featured, is_new_arrival, is_best_seller, is_on_sale, free_size, status) values ((select id from public.categories where slug = 'bottoms' limit 1), 'Distressed Skinny Jeans', 'distressed-skinny-jeans', 'Bottoms', 'Distressed Skinny Jeans in LumiBelle''s polished, easy-to-style finish.', 'Distressed Skinny Jeans is part of the LumiBelle edit for bottoms. It balances a feminine silhouette with easy styling so shoppers can dress it up or keep it casual.', 'Structured fabric with comfortable movement.', 'Fits true to size. Check the smart size helper for a more tailored recommendation.', 'Model is 168 cm / 52 kg and shown in the recommended size.', '{"bottoms","lumibelle","new-season"}', 'Bottom Edit', 775.34, 1003.48, 4.7, 57, false, true, false, true, false, 'active') on conflict (slug) do nothing;
insert into public.products (category_id, name, slug, subcategory, short_description, description, material_details, size_guide, model_info, tags, collection, price, compare_at_price, rating, review_count, featured, is_new_arrival, is_best_seller, is_on_sale, free_size, status) values ((select id from public.categories where slug = 'bottoms' limit 1), 'Satin Midi Skirt', 'satin-midi-skirt', 'Bottoms', 'Satin Midi Skirt in LumiBelle''s polished, easy-to-style finish.', 'Satin Midi Skirt is part of the LumiBelle edit for bottoms. It balances a feminine silhouette with easy styling so shoppers can dress it up or keep it casual.', 'Structured fabric with comfortable movement.', 'Fits true to size. Check the smart size helper for a more tailored recommendation.', 'Model is 168 cm / 52 kg and shown in the recommended size.', '{"bottoms","lumibelle","new-season"}', 'Bottom Edit', 666.79, 939.9, 4.6, 70, false, true, false, true, false, 'active') on conflict (slug) do nothing;
insert into public.products (category_id, name, slug, subcategory, short_description, description, material_details, size_guide, model_info, tags, collection, price, compare_at_price, rating, review_count, featured, is_new_arrival, is_best_seller, is_on_sale, free_size, status) values ((select id from public.categories where slug = 'bottoms' limit 1), 'Cargo Utility Pants', 'cargo-utility-pants', 'Bottoms', 'Cargo Utility Pants in LumiBelle''s polished, easy-to-style finish.', 'Cargo Utility Pants is part of the LumiBelle edit for bottoms. It balances a feminine silhouette with easy styling so shoppers can dress it up or keep it casual.', 'Structured fabric with comfortable movement.', 'Fits true to size. Check the smart size helper for a more tailored recommendation.', 'Model is 168 cm / 52 kg and shown in the recommended size.', '{"bottoms","lumibelle","new-season"}', 'Bottom Edit', 1082.59, 1535.46, 4.5, 83, true, true, true, true, false, 'active') on conflict (slug) do nothing;
insert into public.products (category_id, name, slug, subcategory, short_description, description, material_details, size_guide, model_info, tags, collection, price, compare_at_price, rating, review_count, featured, is_new_arrival, is_best_seller, is_on_sale, free_size, status) values ((select id from public.categories where slug = 'bottoms' limit 1), 'Leather Pencil Skirt', 'leather-pencil-skirt', 'Bottoms', 'Leather Pencil Skirt in LumiBelle''s polished, easy-to-style finish.', 'Leather Pencil Skirt is part of the LumiBelle edit for bottoms. It balances a feminine silhouette with easy styling so shoppers can dress it up or keep it casual.', 'Structured fabric with comfortable movement.', 'Fits true to size. Check the smart size helper for a more tailored recommendation.', 'Model is 168 cm / 52 kg and shown in the recommended size.', '{"bottoms","lumibelle","new-season"}', 'Bottom Edit', 351.33, 470.68, 4.4, 96, false, true, false, true, false, 'active') on conflict (slug) do nothing;
insert into public.products (category_id, name, slug, subcategory, short_description, description, material_details, size_guide, model_info, tags, collection, price, compare_at_price, rating, review_count, featured, is_new_arrival, is_best_seller, is_on_sale, free_size, status) values ((select id from public.categories where slug = 'bottoms' limit 1), 'Linen Culottes', 'linen-culottes', 'Bottoms', 'Linen Culottes in LumiBelle''s polished, easy-to-style finish.', 'Linen Culottes is part of the LumiBelle edit for bottoms. It balances a feminine silhouette with easy styling so shoppers can dress it up or keep it casual.', 'Structured fabric with comfortable movement.', 'Fits true to size. Check the smart size helper for a more tailored recommendation.', 'Model is 168 cm / 52 kg and shown in the recommended size.', '{"bottoms","lumibelle","new-season"}', 'Bottom Edit', 980.28, 1324.32, 4.3, 109, false, true, false, true, false, 'active') on conflict (slug) do nothing;
insert into public.products (category_id, name, slug, subcategory, short_description, description, material_details, size_guide, model_info, tags, collection, price, compare_at_price, rating, review_count, featured, is_new_arrival, is_best_seller, is_on_sale, free_size, status) values ((select id from public.categories where slug = 'accessories' limit 1), 'Pearl Ribbon Hair Clip', 'pearl-ribbon-hair-clip', 'Accessories', 'Pearl Ribbon Hair Clip in LumiBelle''s polished, easy-to-style finish.', 'Pearl Ribbon Hair Clip is part of the LumiBelle edit for accessories. It balances a feminine silhouette with easy styling so shoppers can dress it up or keep it casual.', 'Mixed materials with polished trim.', 'Free Size. Designed to feel flexible across a range of fits.', 'Styled on models from 158–172 cm to show drape and scale.', '{"accessories","lumibelle","new-season"}', 'Accessory Edit', 501.99, 735.51, 4.2, 122, true, true, false, true, true, 'active') on conflict (slug) do nothing;
insert into public.products (category_id, name, slug, subcategory, short_description, description, material_details, size_guide, model_info, tags, collection, price, compare_at_price, rating, review_count, featured, is_new_arrival, is_best_seller, is_on_sale, free_size, status) values ((select id from public.categories where slug = 'accessories' limit 1), 'Crystal Drop Earrings', 'crystal-drop-earrings', 'Accessories', 'Crystal Drop Earrings in LumiBelle''s polished, easy-to-style finish.', 'Crystal Drop Earrings is part of the LumiBelle edit for accessories. It balances a feminine silhouette with easy styling so shoppers can dress it up or keep it casual.', 'Mixed materials with polished trim.', 'Free Size. Designed to feel flexible across a range of fits.', 'Styled on models from 158–172 cm to show drape and scale.', '{"accessories","lumibelle","new-season"}', 'Accessory Edit', 308.92, 453.32, 4.9, 135, false, true, false, true, true, 'active') on conflict (slug) do nothing;
insert into public.products (category_id, name, slug, subcategory, short_description, description, material_details, size_guide, model_info, tags, collection, price, compare_at_price, rating, review_count, featured, is_new_arrival, is_best_seller, is_on_sale, free_size, status) values ((select id from public.categories where slug = 'accessories' limit 1), 'Leather Buckle Belt', 'leather-buckle-belt', 'Accessories', 'Leather Buckle Belt in LumiBelle''s polished, easy-to-style finish.', 'Leather Buckle Belt is part of the LumiBelle edit for accessories. It balances a feminine silhouette with easy styling so shoppers can dress it up or keep it casual.', 'Mixed materials with polished trim.', 'Free Size. Designed to feel flexible across a range of fits.', 'Styled on models from 158–172 cm to show drape and scale.', '{"accessories","lumibelle","new-season"}', 'Accessory Edit', 365.43, 536.56, 4.8, 148, true, true, true, true, true, 'active') on conflict (slug) do nothing;
insert into public.products (category_id, name, slug, subcategory, short_description, description, material_details, size_guide, model_info, tags, collection, price, compare_at_price, rating, review_count, featured, is_new_arrival, is_best_seller, is_on_sale, free_size, status) values ((select id from public.categories where slug = 'accessories' limit 1), 'Quilted Shoulder Bag', 'quilted-shoulder-bag', 'Accessories', 'Quilted Shoulder Bag in LumiBelle''s polished, easy-to-style finish.', 'Quilted Shoulder Bag is part of the LumiBelle edit for accessories. It balances a feminine silhouette with easy styling so shoppers can dress it up or keep it casual.', 'Mixed materials with polished trim.', 'Free Size. Designed to feel flexible across a range of fits.', 'Styled on models from 158–172 cm to show drape and scale.', '{"accessories","lumibelle","editorial"}', 'Accessory Edit', 487.49, 692.12, 4.7, 161, false, true, false, true, true, 'active') on conflict (slug) do nothing;
insert into public.products (category_id, name, slug, subcategory, short_description, description, material_details, size_guide, model_info, tags, collection, price, compare_at_price, rating, review_count, featured, is_new_arrival, is_best_seller, is_on_sale, free_size, status) values ((select id from public.categories where slug = 'accessories' limit 1), 'Silk Printed Scarf', 'silk-printed-scarf', 'Accessories', 'Silk Printed Scarf in LumiBelle''s polished, easy-to-style finish.', 'Silk Printed Scarf is part of the LumiBelle edit for accessories. It balances a feminine silhouette with easy styling so shoppers can dress it up or keep it casual.', 'Mixed materials with polished trim.', 'Free Size. Designed to feel flexible across a range of fits.', 'Styled on models from 158–172 cm to show drape and scale.', '{"accessories","lumibelle","editorial"}', 'Accessory Edit', 472.59, 577.8, 4.6, 174, false, true, false, true, true, 'active') on conflict (slug) do nothing;
insert into public.products (category_id, name, slug, subcategory, short_description, description, material_details, size_guide, model_info, tags, collection, price, compare_at_price, rating, review_count, featured, is_new_arrival, is_best_seller, is_on_sale, free_size, status) values ((select id from public.categories where slug = 'accessories' limit 1), 'Gold Chain Necklace', 'gold-chain-necklace', 'Accessories', 'Gold Chain Necklace in LumiBelle''s polished, easy-to-style finish.', 'Gold Chain Necklace is part of the LumiBelle edit for accessories. It balances a feminine silhouette with easy styling so shoppers can dress it up or keep it casual.', 'Mixed materials with polished trim.', 'Free Size. Designed to feel flexible across a range of fits.', 'Styled on models from 158–172 cm to show drape and scale.', '{"accessories","lumibelle","editorial"}', 'Accessory Edit', 681.01, 907.21, 4.5, 187, true, false, true, true, true, 'active') on conflict (slug) do nothing;
insert into public.products (category_id, name, slug, subcategory, short_description, description, material_details, size_guide, model_info, tags, collection, price, compare_at_price, rating, review_count, featured, is_new_arrival, is_best_seller, is_on_sale, free_size, status) values ((select id from public.categories where slug = 'accessories' limit 1), 'Round Sunglasses', 'round-sunglasses', 'Accessories', 'Round Sunglasses in LumiBelle''s polished, easy-to-style finish.', 'Round Sunglasses is part of the LumiBelle edit for accessories. It balances a feminine silhouette with easy styling so shoppers can dress it up or keep it casual.', 'Mixed materials with polished trim.', 'Free Size. Designed to feel flexible across a range of fits.', 'Styled on models from 158–172 cm to show drape and scale.', '{"accessories","lumibelle","editorial"}', 'Accessory Edit', 447.22, 575.69, 4.4, 200, false, false, false, true, true, 'active') on conflict (slug) do nothing;
insert into public.products (category_id, name, slug, subcategory, short_description, description, material_details, size_guide, model_info, tags, collection, price, compare_at_price, rating, review_count, featured, is_new_arrival, is_best_seller, is_on_sale, free_size, status) values ((select id from public.categories where slug = 'activewear' limit 1), 'Motion Fit Set', 'motion-fit-set', 'Activewear', 'Motion Fit Set in LumiBelle''s polished, easy-to-style finish.', 'Motion Fit Set is part of the LumiBelle edit for activewear. It balances a feminine silhouette with easy styling so shoppers can dress it up or keep it casual.', 'Stretch knit with breathable recovery.', 'Fits true to size. Check the smart size helper for a more tailored recommendation.', 'Model is 168 cm / 52 kg and shown in the recommended size.', '{"activewear","lumibelle","editorial"}', 'Move Softly', 867.61, 1186.57, 4.3, 213, false, false, false, true, false, 'active') on conflict (slug) do nothing;
insert into public.products (category_id, name, slug, subcategory, short_description, description, material_details, size_guide, model_info, tags, collection, price, compare_at_price, rating, review_count, featured, is_new_arrival, is_best_seller, is_on_sale, free_size, status) values ((select id from public.categories where slug = 'activewear' limit 1), 'Seamless Yoga Leggings', 'seamless-yoga-leggings', 'Activewear', 'Seamless Yoga Leggings in LumiBelle''s polished, easy-to-style finish.', 'Seamless Yoga Leggings is part of the LumiBelle edit for activewear. It balances a feminine silhouette with easy styling so shoppers can dress it up or keep it casual.', 'Stretch knit with breathable recovery.', 'Fits true to size. Check the smart size helper for a more tailored recommendation.', 'Model is 168 cm / 52 kg and shown in the recommended size.', '{"activewear","lumibelle","editorial"}', 'Move Softly', 583.03, 832.11, 4.2, 226, false, false, false, true, false, 'active') on conflict (slug) do nothing;
insert into public.products (category_id, name, slug, subcategory, short_description, description, material_details, size_guide, model_info, tags, collection, price, compare_at_price, rating, review_count, featured, is_new_arrival, is_best_seller, is_on_sale, free_size, status) values ((select id from public.categories where slug = 'activewear' limit 1), 'Breathable Mesh Tank', 'breathable-mesh-tank', 'Activewear', 'Breathable Mesh Tank in LumiBelle''s polished, easy-to-style finish.', 'Breathable Mesh Tank is part of the LumiBelle edit for activewear. It balances a feminine silhouette with easy styling so shoppers can dress it up or keep it casual.', 'Stretch knit with breathable recovery.', 'Fits true to size. Check the smart size helper for a more tailored recommendation.', 'Model is 168 cm / 52 kg and shown in the recommended size.', '{"activewear","lumibelle","editorial"}', 'Move Softly', 990.52, 1237.71, 4.9, 239, true, false, true, true, false, 'active') on conflict (slug) do nothing;
insert into public.products (category_id, name, slug, subcategory, short_description, description, material_details, size_guide, model_info, tags, collection, price, compare_at_price, rating, review_count, featured, is_new_arrival, is_best_seller, is_on_sale, free_size, status) values ((select id from public.categories where slug = 'activewear' limit 1), 'Zip-Up Training Jacket', 'zip-up-training-jacket', 'Activewear', 'Zip-Up Training Jacket in LumiBelle''s polished, easy-to-style finish.', 'Zip-Up Training Jacket is part of the LumiBelle edit for activewear. It balances a feminine silhouette with easy styling so shoppers can dress it up or keep it casual.', 'Stretch knit with breathable recovery.', 'Fits true to size. Check the smart size helper for a more tailored recommendation.', 'Model is 168 cm / 52 kg and shown in the recommended size.', '{"activewear","lumibelle","editorial"}', 'Move Softly', 649.19, 863.9, 4.8, 252, false, false, false, true, false, 'active') on conflict (slug) do nothing;
insert into public.products (category_id, name, slug, subcategory, short_description, description, material_details, size_guide, model_info, tags, collection, price, compare_at_price, rating, review_count, featured, is_new_arrival, is_best_seller, is_on_sale, free_size, status) values ((select id from public.categories where slug = 'activewear' limit 1), 'Performance Sports Bra', 'performance-sports-bra', 'Activewear', 'Performance Sports Bra in LumiBelle''s polished, easy-to-style finish.', 'Performance Sports Bra is part of the LumiBelle edit for activewear. It balances a feminine silhouette with easy styling so shoppers can dress it up or keep it casual.', 'Stretch knit with breathable recovery.', 'Fits true to size. Check the smart size helper for a more tailored recommendation.', 'Model is 168 cm / 52 kg and shown in the recommended size.', '{"activewear","lumibelle","editorial"}', 'Move Softly', 441.18, 533.59, 4.7, 25, false, false, false, true, false, 'active') on conflict (slug) do nothing;
insert into public.products (category_id, name, slug, subcategory, short_description, description, material_details, size_guide, model_info, tags, collection, price, compare_at_price, rating, review_count, featured, is_new_arrival, is_best_seller, is_on_sale, free_size, status) values ((select id from public.categories where slug = 'activewear' limit 1), 'Jogger Sweatpants', 'jogger-sweatpants', 'Activewear', 'Jogger Sweatpants in LumiBelle''s polished, easy-to-style finish.', 'Jogger Sweatpants is part of the LumiBelle edit for activewear. It balances a feminine silhouette with easy styling so shoppers can dress it up or keep it casual.', 'Stretch knit with breathable recovery.', 'Fits true to size. Check the smart size helper for a more tailored recommendation.', 'Model is 168 cm / 52 kg and shown in the recommended size.', '{"activewear","lumibelle","editorial"}', 'Move Softly', 796.74, 958.55, 4.6, 38, true, false, true, true, false, 'active') on conflict (slug) do nothing;
insert into public.products (category_id, name, slug, subcategory, short_description, description, material_details, size_guide, model_info, tags, collection, price, compare_at_price, rating, review_count, featured, is_new_arrival, is_best_seller, is_on_sale, free_size, status) values ((select id from public.categories where slug = 'activewear' limit 1), 'Lightweight Running Shorts', 'lightweight-running-shorts', 'Activewear', 'Lightweight Running Shorts in LumiBelle''s polished, easy-to-style finish.', 'Lightweight Running Shorts is part of the LumiBelle edit for activewear. It balances a feminine silhouette with easy styling so shoppers can dress it up or keep it casual.', 'Stretch knit with breathable recovery.', 'Fits true to size. Check the smart size helper for a more tailored recommendation.', 'Model is 168 cm / 52 kg and shown in the recommended size.', '{"activewear","lumibelle","editorial"}', 'Move Softly', 852.69, 1091.54, 4.5, 51, false, false, false, true, false, 'active') on conflict (slug) do nothing;
insert into public.products (category_id, name, slug, subcategory, short_description, description, material_details, size_guide, model_info, tags, collection, price, compare_at_price, rating, review_count, featured, is_new_arrival, is_best_seller, is_on_sale, free_size, status) values ((select id from public.categories where slug = 'occasion-wear' limit 1), 'Golden Evening Dress', 'golden-evening-dress-occasion', 'Occasion', 'Golden Evening Dress in LumiBelle''s polished, easy-to-style finish.', 'Golden Evening Dress is part of the LumiBelle edit for occasion wear. It balances a feminine silhouette with easy styling so shoppers can dress it up or keep it casual.', 'Dressy fabrication with a soft hand feel.', 'Fits true to size. Check the smart size helper for a more tailored recommendation.', 'Model is 168 cm / 52 kg and shown in the recommended size.', '{"occasion wear","lumibelle","editorial"}', 'Event Muse', 2278.1, 3232.26, 4.4, 64, false, false, false, true, false, 'active') on conflict (slug) do nothing;
insert into public.products (category_id, name, slug, subcategory, short_description, description, material_details, size_guide, model_info, tags, collection, price, compare_at_price, rating, review_count, featured, is_new_arrival, is_best_seller, is_on_sale, free_size, status) values ((select id from public.categories where slug = 'occasion-wear' limit 1), 'Sequin Mermaid Gown', 'sequin-mermaid-gown', 'Occasion', 'Sequin Mermaid Gown in LumiBelle''s polished, easy-to-style finish.', 'Sequin Mermaid Gown is part of the LumiBelle edit for occasion wear. It balances a feminine silhouette with easy styling so shoppers can dress it up or keep it casual.', 'Dressy fabrication with a soft hand feel.', 'Fits true to size. Check the smart size helper for a more tailored recommendation.', 'Model is 168 cm / 52 kg and shown in the recommended size.', '{"occasion wear","lumibelle","editorial"}', 'Event Muse', 2849.07, 4022.57, 4.3, 77, false, false, false, true, false, 'active') on conflict (slug) do nothing;
insert into public.products (category_id, name, slug, subcategory, short_description, description, material_details, size_guide, model_info, tags, collection, price, compare_at_price, rating, review_count, featured, is_new_arrival, is_best_seller, is_on_sale, free_size, status) values ((select id from public.categories where slug = 'occasion-wear' limit 1), 'Velvet Off-Shoulder Dress', 'velvet-off-shoulder-dress', 'Occasion', 'Velvet Off-Shoulder Dress in LumiBelle''s polished, easy-to-style finish.', 'Velvet Off-Shoulder Dress is part of the LumiBelle edit for occasion wear. It balances a feminine silhouette with easy styling so shoppers can dress it up or keep it casual.', 'Dressy fabrication with a soft hand feel.', 'Fits true to size. Check the smart size helper for a more tailored recommendation.', 'Model is 168 cm / 52 kg and shown in the recommended size.', '{"occasion wear","lumibelle","editorial"}', 'Event Muse', 1099.39, 1319.86, 4.2, 90, true, false, false, true, false, 'active') on conflict (slug) do nothing;
insert into public.products (category_id, name, slug, subcategory, short_description, description, material_details, size_guide, model_info, tags, collection, price, compare_at_price, rating, review_count, featured, is_new_arrival, is_best_seller, is_on_sale, free_size, status) values ((select id from public.categories where slug = 'occasion-wear' limit 1), 'Satin Wrap Dress', 'satin-wrap-dress', 'Occasion', 'Satin Wrap Dress in LumiBelle''s polished, easy-to-style finish.', 'Satin Wrap Dress is part of the LumiBelle edit for occasion wear. It balances a feminine silhouette with easy styling so shoppers can dress it up or keep it casual.', 'Dressy fabrication with a soft hand feel.', 'Fits true to size. Check the smart size helper for a more tailored recommendation.', 'Model is 168 cm / 52 kg and shown in the recommended size.', '{"occasion wear","lumibelle","editorial"}', 'Event Muse', 903.13, 1333.06, 4.9, 103, false, false, false, true, false, 'active') on conflict (slug) do nothing;
insert into public.products (category_id, name, slug, subcategory, short_description, description, material_details, size_guide, model_info, tags, collection, price, compare_at_price, rating, review_count, featured, is_new_arrival, is_best_seller, is_on_sale, free_size, status) values ((select id from public.categories where slug = 'occasion-wear' limit 1), 'Embellished Maxi Dress', 'embellished-maxi-dress', 'Occasion', 'Embellished Maxi Dress in LumiBelle''s polished, easy-to-style finish.', 'Embellished Maxi Dress is part of the LumiBelle edit for occasion wear. It balances a feminine silhouette with easy styling so shoppers can dress it up or keep it casual.', 'Dressy fabrication with a soft hand feel.', 'Fits true to size. Check the smart size helper for a more tailored recommendation.', 'Model is 168 cm / 52 kg and shown in the recommended size.', '{"occasion wear","lumibelle","editorial"}', 'Event Muse', 1350.48, 1688.35, 4.8, 116, false, false, false, true, false, 'active') on conflict (slug) do nothing;
insert into public.products (category_id, name, slug, subcategory, short_description, description, material_details, size_guide, model_info, tags, collection, price, compare_at_price, rating, review_count, featured, is_new_arrival, is_best_seller, is_on_sale, free_size, status) values ((select id from public.categories where slug = 'occasion-wear' limit 1), 'Tulle Ball Gown', 'tulle-ball-gown', 'Occasion', 'Tulle Ball Gown in LumiBelle''s polished, easy-to-style finish.', 'Tulle Ball Gown is part of the LumiBelle edit for occasion wear. It balances a feminine silhouette with easy styling so shoppers can dress it up or keep it casual.', 'Dressy fabrication with a soft hand feel.', 'Fits true to size. Check the smart size helper for a more tailored recommendation.', 'Model is 168 cm / 52 kg and shown in the recommended size.', '{"occasion wear","lumibelle","editorial"}', 'Event Muse', 945.56, 1351.1, 4.7, 129, false, false, false, true, false, 'active') on conflict (slug) do nothing;
insert into public.products (category_id, name, slug, subcategory, short_description, description, material_details, size_guide, model_info, tags, collection, price, compare_at_price, rating, review_count, featured, is_new_arrival, is_best_seller, is_on_sale, free_size, status) values ((select id from public.categories where slug = 'occasion-wear' limit 1), 'Chic Cocktail Mini Dress', 'chic-cocktail-mini-dress', 'Occasion', 'Chic Cocktail Mini Dress in LumiBelle''s polished, easy-to-style finish.', 'Chic Cocktail Mini Dress is part of the LumiBelle edit for occasion wear. It balances a feminine silhouette with easy styling so shoppers can dress it up or keep it casual.', 'Dressy fabrication with a soft hand feel.', 'Fits true to size. Check the smart size helper for a more tailored recommendation.', 'Model is 168 cm / 52 kg and shown in the recommended size.', '{"occasion wear","lumibelle","editorial"}', 'Event Muse', 2166.49, 3174.41, 4.6, 142, false, false, false, true, false, 'active') on conflict (slug) do nothing;
insert into public.products (category_id, name, slug, subcategory, short_description, description, material_details, size_guide, model_info, tags, collection, price, compare_at_price, rating, review_count, featured, is_new_arrival, is_best_seller, is_on_sale, free_size, status) values ((select id from public.categories where slug = 'dresses' limit 1), 'Blush Midi Dress', 'blush-midi-dress', 'Dresses', 'Blush Midi Dress in LumiBelle''s polished, easy-to-style finish.', 'Blush Midi Dress is part of the LumiBelle edit for dresses. It balances a feminine silhouette with easy styling so shoppers can dress it up or keep it casual.', 'Soft drape fabric with smooth lining.', 'Fits true to size. Check the smart size helper for a more tailored recommendation.', 'Model is 168 cm / 52 kg and shown in the recommended size.', '{"dresses","lumibelle","editorial"}', 'Dress Studio', 2462.85, 3651.67, 4.5, 155, true, false, true, true, false, 'active') on conflict (slug) do nothing;
insert into public.products (category_id, name, slug, subcategory, short_description, description, material_details, size_guide, model_info, tags, collection, price, compare_at_price, rating, review_count, featured, is_new_arrival, is_best_seller, is_on_sale, free_size, status) values ((select id from public.categories where slug = 'dresses' limit 1), 'Golden Evening Dress', 'golden-evening-dress', 'Dresses', 'Golden Evening Dress in LumiBelle''s polished, easy-to-style finish.', 'Golden Evening Dress is part of the LumiBelle edit for dresses. It balances a feminine silhouette with easy styling so shoppers can dress it up or keep it casual.', 'Soft drape fabric with smooth lining.', 'Fits true to size. Check the smart size helper for a more tailored recommendation.', 'Model is 168 cm / 52 kg and shown in the recommended size.', '{"dresses","lumibelle","editorial"}', 'Dress Studio', 941.34, 1219.04, 4.4, 168, false, false, false, true, false, 'active') on conflict (slug) do nothing;
insert into public.products (category_id, name, slug, subcategory, short_description, description, material_details, size_guide, model_info, tags, collection, price, compare_at_price, rating, review_count, featured, is_new_arrival, is_best_seller, is_on_sale, free_size, status) values ((select id from public.categories where slug = 'dresses' limit 1), 'Floral Maxi Dress', 'floral-maxi-dress', 'Dresses', 'Floral Maxi Dress in LumiBelle''s polished, easy-to-style finish.', 'Floral Maxi Dress is part of the LumiBelle edit for dresses. It balances a feminine silhouette with easy styling so shoppers can dress it up or keep it casual.', 'Soft drape fabric with smooth lining.', 'Fits true to size. Check the smart size helper for a more tailored recommendation.', 'Model is 168 cm / 52 kg and shown in the recommended size.', '{"dresses","lumibelle","editorial"}', 'Dress Studio', 1580.68, 2071.56, 4.3, 181, false, false, false, true, false, 'active') on conflict (slug) do nothing;
insert into public.products (category_id, name, slug, subcategory, short_description, description, material_details, size_guide, model_info, tags, collection, price, compare_at_price, rating, review_count, featured, is_new_arrival, is_best_seller, is_on_sale, free_size, status) values ((select id from public.categories where slug = 'dresses' limit 1), 'Satin Slip Dress', 'satin-slip-dress', 'Dresses', 'Satin Slip Dress in LumiBelle''s polished, easy-to-style finish.', 'Satin Slip Dress is part of the LumiBelle edit for dresses. It balances a feminine silhouette with easy styling so shoppers can dress it up or keep it casual.', 'Soft drape fabric with smooth lining.', 'Fits true to size. Check the smart size helper for a more tailored recommendation.', 'Model is 168 cm / 52 kg and shown in the recommended size.', '{"dresses","lumibelle","editorial"}', 'Dress Studio', 2974.65, 4173.97, 4.2, 194, false, false, false, true, false, 'active') on conflict (slug) do nothing;
insert into public.products (category_id, name, slug, subcategory, short_description, description, material_details, size_guide, model_info, tags, collection, price, compare_at_price, rating, review_count, featured, is_new_arrival, is_best_seller, is_on_sale, free_size, status) values ((select id from public.categories where slug = 'dresses' limit 1), 'Velvet Cocktail Dress', 'velvet-cocktail-dress', 'Dresses', 'Velvet Cocktail Dress in LumiBelle''s polished, easy-to-style finish.', 'Velvet Cocktail Dress is part of the LumiBelle edit for dresses. It balances a feminine silhouette with easy styling so shoppers can dress it up or keep it casual.', 'Soft drape fabric with smooth lining.', 'Fits true to size. Check the smart size helper for a more tailored recommendation.', 'Model is 168 cm / 52 kg and shown in the recommended size.', '{"dresses","lumibelle","editorial"}', 'Dress Studio', 1540.99, 1883.34, 4.9, 207, true, false, true, true, false, 'active') on conflict (slug) do nothing;
insert into public.products (category_id, name, slug, subcategory, short_description, description, material_details, size_guide, model_info, tags, collection, price, compare_at_price, rating, review_count, featured, is_new_arrival, is_best_seller, is_on_sale, free_size, status) values ((select id from public.categories where slug = 'dresses' limit 1), 'Ruffled Summer Dress', 'ruffled-summer-dress', 'Dresses', 'Ruffled Summer Dress in LumiBelle''s polished, easy-to-style finish.', 'Ruffled Summer Dress is part of the LumiBelle edit for dresses. It balances a feminine silhouette with easy styling so shoppers can dress it up or keep it casual.', 'Soft drape fabric with smooth lining.', 'Fits true to size. Check the smart size helper for a more tailored recommendation.', 'Model is 168 cm / 52 kg and shown in the recommended size.', '{"dresses","lumibelle","editorial"}', 'Dress Studio', 2432.71, 2954.9, 4.8, 220, false, false, true, true, false, 'active') on conflict (slug) do nothing;
insert into public.products (category_id, name, slug, subcategory, short_description, description, material_details, size_guide, model_info, tags, collection, price, compare_at_price, rating, review_count, featured, is_new_arrival, is_best_seller, is_on_sale, free_size, status) values ((select id from public.categories where slug = 'dresses' limit 1), 'Lace A-Line Dress', 'lace-a-line-dress', 'Dresses', 'Lace A-Line Dress in LumiBelle''s polished, easy-to-style finish.', 'Lace A-Line Dress is part of the LumiBelle edit for dresses. It balances a feminine silhouette with easy styling so shoppers can dress it up or keep it casual.', 'Soft drape fabric with smooth lining.', 'Fits true to size. Check the smart size helper for a more tailored recommendation.', 'Model is 168 cm / 52 kg and shown in the recommended size.', '{"dresses","lumibelle","editorial"}', 'Dress Studio', 1408.28, 2071.01, 4.7, 233, false, false, true, true, false, 'active') on conflict (slug) do nothing;
insert into public.products (category_id, name, slug, subcategory, short_description, description, material_details, size_guide, model_info, tags, collection, price, compare_at_price, rating, review_count, featured, is_new_arrival, is_best_seller, is_on_sale, free_size, status) values ((select id from public.categories where slug = 'tops' limit 1), 'Cloud Knit Top', 'cloud-knit-top', 'Tops', 'Cloud Knit Top in LumiBelle''s polished, easy-to-style finish.', 'Cloud Knit Top is part of the LumiBelle edit for tops. It balances a feminine silhouette with easy styling so shoppers can dress it up or keep it casual.', 'Comfort-first fabric with a premium finish.', 'Fits true to size. Check the smart size helper for a more tailored recommendation.', 'Model is 168 cm / 52 kg and shown in the recommended size.', '{"tops","lumibelle","editorial"}', 'Top Layer', 610.89, 877.28, 4.6, 246, true, false, true, true, false, 'active') on conflict (slug) do nothing;
insert into public.products (category_id, name, slug, subcategory, short_description, description, material_details, size_guide, model_info, tags, collection, price, compare_at_price, rating, review_count, featured, is_new_arrival, is_best_seller, is_on_sale, free_size, status) values ((select id from public.categories where slug = 'tops' limit 1), 'Classic White Shirt', 'classic-white-shirt', 'Tops', 'Classic White Shirt in LumiBelle''s polished, easy-to-style finish.', 'Classic White Shirt is part of the LumiBelle edit for tops. It balances a feminine silhouette with easy styling so shoppers can dress it up or keep it casual.', 'Comfort-first fabric with a premium finish.', 'Fits true to size. Check the smart size helper for a more tailored recommendation.', 'Model is 168 cm / 52 kg and shown in the recommended size.', '{"tops","lumibelle","editorial"}', 'Top Layer', 560.97, 802.18, 4.5, 19, false, false, true, true, false, 'active') on conflict (slug) do nothing;
insert into public.products (category_id, name, slug, subcategory, short_description, description, material_details, size_guide, model_info, tags, collection, price, compare_at_price, rating, review_count, featured, is_new_arrival, is_best_seller, is_on_sale, free_size, status) values ((select id from public.categories where slug = 'tops' limit 1), 'Cropped Denim Jacket', 'cropped-denim-jacket', 'Tops', 'Cropped Denim Jacket in LumiBelle''s polished, easy-to-style finish.', 'Cropped Denim Jacket is part of the LumiBelle edit for tops. It balances a feminine silhouette with easy styling so shoppers can dress it up or keep it casual.', 'Comfort-first fabric with a premium finish.', 'Fits true to size. Check the smart size helper for a more tailored recommendation.', 'Model is 168 cm / 52 kg and shown in the recommended size.', '{"tops","lumibelle","editorial"}', 'Top Layer', 855.64, 1195.45, 4.4, 32, false, false, true, true, false, 'active') on conflict (slug) do nothing;
insert into public.products (category_id, name, slug, subcategory, short_description, description, material_details, size_guide, model_info, tags, collection, price, compare_at_price, rating, review_count, featured, is_new_arrival, is_best_seller, is_on_sale, free_size, status) values ((select id from public.categories where slug = 'tops' limit 1), 'Silk Camisole Top', 'silk-camisole-top', 'Tops', 'Silk Camisole Top in LumiBelle''s polished, easy-to-style finish.', 'Silk Camisole Top is part of the LumiBelle edit for tops. It balances a feminine silhouette with easy styling so shoppers can dress it up or keep it casual.', 'Comfort-first fabric with a premium finish.', 'Fits true to size. Check the smart size helper for a more tailored recommendation.', 'Model is 168 cm / 52 kg and shown in the recommended size.', '{"tops","lumibelle","editorial"}', 'Top Layer', 645.49, 878.4, 4.3, 45, false, false, false, true, false, 'active') on conflict (slug) do nothing;
insert into public.products (category_id, name, slug, subcategory, short_description, description, material_details, size_guide, model_info, tags, collection, price, compare_at_price, rating, review_count, featured, is_new_arrival, is_best_seller, is_on_sale, free_size, status) values ((select id from public.categories where slug = 'tops' limit 1), 'Graphic Oversized Tee', 'graphic-oversized-tee', 'Tops', 'Graphic Oversized Tee in LumiBelle''s polished, easy-to-style finish.', 'Graphic Oversized Tee is part of the LumiBelle edit for tops. It balances a feminine silhouette with easy styling so shoppers can dress it up or keep it casual.', 'Comfort-first fabric with a premium finish.', 'Fits true to size. Check the smart size helper for a more tailored recommendation.', 'Model is 168 cm / 52 kg and shown in the recommended size.', '{"tops","lumibelle","editorial"}', 'Top Layer', 749.79, 1015.59, 4.2, 58, true, false, true, true, false, 'active') on conflict (slug) do nothing;
insert into public.products (category_id, name, slug, subcategory, short_description, description, material_details, size_guide, model_info, tags, collection, price, compare_at_price, rating, review_count, featured, is_new_arrival, is_best_seller, is_on_sale, free_size, status) values ((select id from public.categories where slug = 'tops' limit 1), 'Striped Button-Up Blouse', 'striped-button-up-blouse', 'Tops', 'Striped Button-Up Blouse in LumiBelle''s polished, easy-to-style finish.', 'Striped Button-Up Blouse is part of the LumiBelle edit for tops. It balances a feminine silhouette with easy styling so shoppers can dress it up or keep it casual.', 'Comfort-first fabric with a premium finish.', 'Fits true to size. Check the smart size helper for a more tailored recommendation.', 'Model is 168 cm / 52 kg and shown in the recommended size.', '{"tops","lumibelle","editorial"}', 'Top Layer', 457.89, 666.75, 4.9, 71, false, false, true, true, false, 'active') on conflict (slug) do nothing;
insert into public.products (category_id, name, slug, subcategory, short_description, description, material_details, size_guide, model_info, tags, collection, price, compare_at_price, rating, review_count, featured, is_new_arrival, is_best_seller, is_on_sale, free_size, status) values ((select id from public.categories where slug = 'tops' limit 1), 'Off-Shoulder Ruffle Top', 'off-shoulder-ruffle-top', 'Tops', 'Off-Shoulder Ruffle Top in LumiBelle''s polished, easy-to-style finish.', 'Off-Shoulder Ruffle Top is part of the LumiBelle edit for tops. It balances a feminine silhouette with easy styling so shoppers can dress it up or keep it casual.', 'Comfort-first fabric with a premium finish.', 'Fits true to size. Check the smart size helper for a more tailored recommendation.', 'Model is 168 cm / 52 kg and shown in the recommended size.', '{"tops","lumibelle","editorial"}', 'Top Layer', 749.9, 1104.99, 4.8, 84, false, false, false, true, false, 'active') on conflict (slug) do nothing;

insert into public.product_images (product_id, storage_path, alt_text, sort_order, is_primary) values ((select id from public.products where slug = 'pleated-mini-skirt' limit 1), '/placeholders/product-1.svg', 'Pleated Mini Skirt', 0, true);
insert into public.product_images (product_id, storage_path, alt_text, sort_order, is_primary) values ((select id from public.products where slug = 'high-waist-wide-pants' limit 1), '/placeholders/product-1b.svg', 'High-Waist Wide Pants', 0, true);
insert into public.product_images (product_id, storage_path, alt_text, sort_order, is_primary) values ((select id from public.products where slug = 'distressed-skinny-jeans' limit 1), '/placeholders/product-1c.svg', 'Distressed Skinny Jeans', 0, true);
insert into public.product_images (product_id, storage_path, alt_text, sort_order, is_primary) values ((select id from public.products where slug = 'satin-midi-skirt' limit 1), '/placeholders/product-2.svg', 'Satin Midi Skirt', 0, true);
insert into public.product_images (product_id, storage_path, alt_text, sort_order, is_primary) values ((select id from public.products where slug = 'cargo-utility-pants' limit 1), 'https://thumbs.dreamstime.com/b/blank-dk-cargo-pants-template-isolated-white-background-front-view-183676020.jpg', 'Cargo Utility Pants', 0, true);
insert into public.product_images (product_id, storage_path, alt_text, sort_order, is_primary) values ((select id from public.products where slug = 'leather-pencil-skirt' limit 1), '/placeholders/product-2c.svg', 'Leather Pencil Skirt', 0, true);
insert into public.product_images (product_id, storage_path, alt_text, sort_order, is_primary) values ((select id from public.products where slug = 'linen-culottes' limit 1), '/placeholders/product-3.svg', 'Linen Culottes', 0, true);
insert into public.product_images (product_id, storage_path, alt_text, sort_order, is_primary) values ((select id from public.products where slug = 'pearl-ribbon-hair-clip' limit 1), '/placeholders/product-3b.svg', 'Pearl Ribbon Hair Clip', 0, true);
insert into public.product_images (product_id, storage_path, alt_text, sort_order, is_primary) values ((select id from public.products where slug = 'crystal-drop-earrings' limit 1), '/placeholders/product-3c.svg', 'Crystal Drop Earrings', 0, true);
insert into public.product_images (product_id, storage_path, alt_text, sort_order, is_primary) values ((select id from public.products where slug = 'leather-buckle-belt' limit 1), 'https://thumbs.dreamstime.com/b/stylish-leather-belt-white-background-85474641.jpg', 'Leather Buckle Belt', 0, true);
insert into public.product_images (product_id, storage_path, alt_text, sort_order, is_primary) values ((select id from public.products where slug = 'quilted-shoulder-bag' limit 1), '/placeholders/product-4b.svg', 'Quilted Shoulder Bag', 0, true);
insert into public.product_images (product_id, storage_path, alt_text, sort_order, is_primary) values ((select id from public.products where slug = 'silk-printed-scarf' limit 1), '/placeholders/product-4c.svg', 'Silk Printed Scarf', 0, true);
insert into public.product_images (product_id, storage_path, alt_text, sort_order, is_primary) values ((select id from public.products where slug = 'gold-chain-necklace' limit 1), 'https://t3.ftcdn.net/jpg/04/42/46/36/360_F_442463640_wiE4F2LkcuqD.jpg', 'Gold Chain Necklace', 0, true);
insert into public.product_images (product_id, storage_path, alt_text, sort_order, is_primary) values ((select id from public.products where slug = 'round-sunglasses' limit 1), '/placeholders/product-5b.svg', 'Round Sunglasses', 0, true);
insert into public.product_images (product_id, storage_path, alt_text, sort_order, is_primary) values ((select id from public.products where slug = 'motion-fit-set' limit 1), '/placeholders/product-5c.svg', 'Motion Fit Set', 0, true);
insert into public.product_images (product_id, storage_path, alt_text, sort_order, is_primary) values ((select id from public.products where slug = 'seamless-yoga-leggings' limit 1), '/placeholders/product-6.svg', 'Seamless Yoga Leggings', 0, true);
insert into public.product_images (product_id, storage_path, alt_text, sort_order, is_primary) values ((select id from public.products where slug = 'breathable-mesh-tank' limit 1), 'https://as1.ftcdn.net/v2/jpg/04/25/77/04/1000_F_425770419_A0hog52P2aD1.jpg', 'Breathable Mesh Tank', 0, true);
insert into public.product_images (product_id, storage_path, alt_text, sort_order, is_primary) values ((select id from public.products where slug = 'zip-up-training-jacket' limit 1), '/placeholders/product-6c.svg', 'Zip-Up Training Jacket', 0, true);
insert into public.product_images (product_id, storage_path, alt_text, sort_order, is_primary) values ((select id from public.products where slug = 'performance-sports-bra' limit 1), '/placeholders/product-7.svg', 'Performance Sports Bra', 0, true);
insert into public.product_images (product_id, storage_path, alt_text, sort_order, is_primary) values ((select id from public.products where slug = 'jogger-sweatpants' limit 1), 'https://www.shutterstock.com/shutterstock/photos/2371455813/display_1500/stock-photo-black-sweatpants-isolated-on-white-background-2371455813.jpg', 'Jogger Sweatpants', 0, true);
insert into public.product_images (product_id, storage_path, alt_text, sort_order, is_primary) values ((select id from public.products where slug = 'lightweight-running-shorts' limit 1), '/placeholders/product-7c.svg', 'Lightweight Running Shorts', 0, true);
insert into public.product_images (product_id, storage_path, alt_text, sort_order, is_primary) values ((select id from public.products where slug = 'golden-evening-dress-occasion' limit 1), '/placeholders/product-8.svg', 'Golden Evening Dress', 0, true);
insert into public.product_images (product_id, storage_path, alt_text, sort_order, is_primary) values ((select id from public.products where slug = 'sequin-mermaid-gown' limit 1), '/placeholders/product-8b.svg', 'Sequin Mermaid Gown', 0, true);
insert into public.product_images (product_id, storage_path, alt_text, sort_order, is_primary) values ((select id from public.products where slug = 'velvet-off-shoulder-dress' limit 1), '/placeholders/product-8c.svg', 'Velvet Off-Shoulder Dress', 0, true);
insert into public.product_images (product_id, storage_path, alt_text, sort_order, is_primary) values ((select id from public.products where slug = 'satin-wrap-dress' limit 1), '/placeholders/product-1.svg', 'Satin Wrap Dress', 0, true);
insert into public.product_images (product_id, storage_path, alt_text, sort_order, is_primary) values ((select id from public.products where slug = 'embellished-maxi-dress' limit 1), '/placeholders/product-1b.svg', 'Embellished Maxi Dress', 0, true);
insert into public.product_images (product_id, storage_path, alt_text, sort_order, is_primary) values ((select id from public.products where slug = 'tulle-ball-gown' limit 1), '/placeholders/product-1c.svg', 'Tulle Ball Gown', 0, true);
insert into public.product_images (product_id, storage_path, alt_text, sort_order, is_primary) values ((select id from public.products where slug = 'chic-cocktail-mini-dress' limit 1), '/placeholders/product-2.svg', 'Chic Cocktail Mini Dress', 0, true);
insert into public.product_images (product_id, storage_path, alt_text, sort_order, is_primary) values ((select id from public.products where slug = 'blush-midi-dress' limit 1), 'https://down-th.img.susercontent.com/file/sg-11134202-7reos-m8hb8x02f2ci01@resize_w900_nl.webp', 'Blush Midi Dress', 0, true);
insert into public.product_images (product_id, storage_path, alt_text, sort_order, is_primary) values ((select id from public.products where slug = 'golden-evening-dress' limit 1), '/placeholders/product-2c.svg', 'Golden Evening Dress', 0, true);
insert into public.product_images (product_id, storage_path, alt_text, sort_order, is_primary) values ((select id from public.products where slug = 'floral-maxi-dress' limit 1), '/placeholders/product-3.svg', 'Floral Maxi Dress', 0, true);
insert into public.product_images (product_id, storage_path, alt_text, sort_order, is_primary) values ((select id from public.products where slug = 'satin-slip-dress' limit 1), '/placeholders/product-3b.svg', 'Satin Slip Dress', 0, true);
insert into public.product_images (product_id, storage_path, alt_text, sort_order, is_primary) values ((select id from public.products where slug = 'velvet-cocktail-dress' limit 1), 'https://encrypted-tbn0.gstatic.com/images?q=tbn:ANd9GcTt1CkPdSpj_O6w0qCYKVfZtDjTox48kbU6iB299zNN9g&s', 'Velvet Cocktail Dress', 0, true);
insert into public.product_images (product_id, storage_path, alt_text, sort_order, is_primary) values ((select id from public.products where slug = 'ruffled-summer-dress' limit 1), 'https://down-th.img.susercontent.com/file/sg-11134202-7repu-m8hb80khvn9t3c@resize_w900_nl.webp', 'Ruffled Summer Dress', 0, true);
insert into public.product_images (product_id, storage_path, alt_text, sort_order, is_primary) values ((select id from public.products where slug = 'lace-a-line-dress' limit 1), 'https://www.selinadress.com/cdn/shop/products/a-line-cap-sleeve-vintage-champagne-lace-bohemian-wedding-dress-sexy-backless-bridal-gown-sew070.png?v=1618223566', 'Lace A-Line Dress', 0, true);
insert into public.product_images (product_id, storage_path, alt_text, sort_order, is_primary) values ((select id from public.products where slug = 'cloud-knit-top' limit 1), 'https://blui.ca/cdn/shop/files/2B9544B0-28FA-4574-9005-3B17338652A7_1080x1080.png?v=1745430996', 'Cloud Knit Top', 0, true);
insert into public.product_images (product_id, storage_path, alt_text, sort_order, is_primary) values ((select id from public.products where slug = 'classic-white-shirt' limit 1), 'https://static.vecteezy.com/system/resources/thumbnails/065/764/489/small/classic-white-t-shirt-for-casual-wear-and-everyday-comfort-png.png', 'Classic White Shirt', 0, true);
insert into public.product_images (product_id, storage_path, alt_text, sort_order, is_primary) values ((select id from public.products where slug = 'cropped-denim-jacket' limit 1), 'https://encrypted-tbn0.gstatic.com/images?q=tbn:ANd9GcTTq4ULxeKObEBY-SsvNliZ-Tj7TYaad3QquttT1co1gA&s', 'Cropped Denim Jacket', 0, true);
insert into public.product_images (product_id, storage_path, alt_text, sort_order, is_primary) values ((select id from public.products where slug = 'silk-camisole-top' limit 1), '/placeholders/product-5c.svg', 'Silk Camisole Top', 0, true);
insert into public.product_images (product_id, storage_path, alt_text, sort_order, is_primary) values ((select id from public.products where slug = 'graphic-oversized-tee' limit 1), 'https://i5.walmartimages.com/asr/5e8f1883-56c0-4720-a775-2fc291642d4c.587ab1c3ae3048c98025177b6cf04360.jpeg?odnHeight=768&odnWidth=768&odnBg=FFFFFF', 'Graphic Oversized Tee', 0, true);
insert into public.product_images (product_id, storage_path, alt_text, sort_order, is_primary) values ((select id from public.products where slug = 'striped-button-up-blouse' limit 1), 'https://down-th.img.susercontent.com/file/sg-11134201-7rbkc-locop6pltpnu6b@resize_w900_nl.webp', 'Striped Button-Up Blouse', 0, true);
insert into public.product_images (product_id, storage_path, alt_text, sort_order, is_primary) values ((select id from public.products where slug = 'off-shoulder-ruffle-top' limit 1), '/placeholders/product-6c.svg', 'Off-Shoulder Ruffle Top', 0, true);
